{"cameraMode":{"drawMode":0,"name":"Shaded","section":"Shading Mode"},"sceneLighting":true,"audioPlay":false,"sceneViewState":{"m_AlwaysRefresh":false,"showFog":true,"showSkybox":true,"showFlares":true,"showImageEffects":true,"showParticleSystems":true,"showVisualEffectGraphs":true,"m_FxEnabled":true},"in2DMode":false,"pivot":{"x":-0.7362780570983887,"y":3.209637403488159,"z":-13.999460220336914},"rotation":{"x":0.041659943759441379,"y":-0.12649938464164735,"z":0.005317174829542637,"w":0.9910867810249329},"size":1.1117615699768067,"orthographic":false}